date,search_index,keyword,iso3,country
2019-01-01,4,crypto,IRN,Iran
2019-02-01,4,crypto,IRN,Iran
2019-03-01,3,crypto,IRN,Iran
2019-04-01,5,crypto,IRN,Iran
2019-05-01,6,crypto,IRN,Iran
2019-06-01,6,crypto,IRN,Iran
2019-07-01,6,crypto,IRN,Iran
2019-08-01,6,crypto,IRN,Iran
2019-09-01,6,crypto,IRN,Iran
2019-10-01,4,crypto,IRN,Iran
2019-11-01,4,crypto,IRN,Iran
2019-12-01,3,crypto,IRN,Iran
2020-01-01,5,crypto,IRN,Iran
2020-02-01,5,crypto,IRN,Iran
2020-03-01,5,crypto,IRN,Iran
2020-04-01,11,crypto,IRN,Iran
2020-05-01,6,crypto,IRN,Iran
2020-06-01,6,crypto,IRN,Iran
2020-07-01,7,crypto,IRN,Iran
2020-08-01,9,crypto,IRN,Iran
2020-09-01,8,crypto,IRN,Iran
2020-10-01,7,crypto,IRN,Iran
2020-11-01,6,crypto,IRN,Iran
2020-12-01,7,crypto,IRN,Iran
2021-01-01,12,crypto,IRN,Iran
2021-02-01,19,crypto,IRN,Iran
2021-03-01,22,crypto,IRN,Iran
2021-04-01,35,crypto,IRN,Iran
2021-05-01,39,crypto,IRN,Iran
2021-06-01,21,crypto,IRN,Iran
2021-07-01,18,crypto,IRN,Iran
2021-08-01,27,crypto,IRN,Iran
2021-09-01,26,crypto,IRN,Iran
2021-10-01,29,crypto,IRN,Iran
2021-11-01,37,crypto,IRN,Iran
2021-12-01,35,crypto,IRN,Iran
2022-01-01,70,crypto,IRN,Iran
2022-02-01,39,crypto,IRN,Iran
2022-03-01,39,crypto,IRN,Iran
2022-04-01,33,crypto,IRN,Iran
2022-05-01,32,crypto,IRN,Iran
2022-06-01,29,crypto,IRN,Iran
2022-07-01,27,crypto,IRN,Iran
2022-08-01,27,crypto,IRN,Iran
2022-09-01,25,crypto,IRN,Iran
2022-10-01,18,crypto,IRN,Iran
2022-11-01,22,crypto,IRN,Iran
2022-12-01,20,crypto,IRN,Iran
2023-01-01,21,crypto,IRN,Iran
2023-02-01,25,crypto,IRN,Iran
2023-03-01,24,crypto,IRN,Iran
2023-04-01,25,crypto,IRN,Iran
2023-05-01,22,crypto,IRN,Iran
2023-06-01,21,crypto,IRN,Iran
2023-07-01,22,crypto,IRN,Iran
2023-08-01,21,crypto,IRN,Iran
2023-09-01,18,crypto,IRN,Iran
2023-10-01,17,crypto,IRN,Iran
2023-11-01,21,crypto,IRN,Iran
2023-12-01,25,crypto,IRN,Iran
2024-01-01,25,crypto,IRN,Iran
2024-02-01,27,crypto,IRN,Iran
2024-03-01,56,crypto,IRN,Iran
2024-04-01,37,crypto,IRN,Iran
2024-05-01,30,crypto,IRN,Iran
2024-06-01,46,crypto,IRN,Iran
2024-07-01,100,crypto,IRN,Iran
2024-08-01,57,crypto,IRN,Iran
2024-09-01,48,crypto,IRN,Iran
2024-10-01,39,crypto,IRN,Iran
2024-11-01,42,crypto,IRN,Iran
2024-12-01,36,crypto,IRN,Iran
2019-01-01,74,dollar,IRN,Iran
2019-02-01,75,dollar,IRN,Iran
2019-03-01,78,dollar,IRN,Iran
2019-04-01,97,dollar,IRN,Iran
2019-05-01,100,dollar,IRN,Iran
2019-06-01,91,dollar,IRN,Iran
2019-07-01,99,dollar,IRN,Iran
2019-08-01,94,dollar,IRN,Iran
2019-09-01,86,dollar,IRN,Iran
2019-10-01,85,dollar,IRN,Iran
2019-11-01,81,dollar,IRN,Iran
2019-12-01,69,dollar,IRN,Iran
2020-01-01,62,dollar,IRN,Iran
2020-02-01,63,dollar,IRN,Iran
2020-03-01,78,dollar,IRN,Iran
2020-04-01,64,dollar,IRN,Iran
2020-05-01,62,dollar,IRN,Iran
2020-06-01,64,dollar,IRN,Iran
2020-07-01,69,dollar,IRN,Iran
2020-08-01,65,dollar,IRN,Iran
2020-09-01,66,dollar,IRN,Iran
2020-10-01,61,dollar,IRN,Iran
2020-11-01,70,dollar,IRN,Iran
2020-12-01,52,dollar,IRN,Iran
2021-01-01,58,dollar,IRN,Iran
2021-02-01,56,dollar,IRN,Iran
2021-03-01,60,dollar,IRN,Iran
2021-04-01,56,dollar,IRN,Iran
2021-05-01,63,dollar,IRN,Iran
2021-06-01,58,dollar,IRN,Iran
2021-07-01,54,dollar,IRN,Iran
2021-08-01,58,dollar,IRN,Iran
2021-09-01,55,dollar,IRN,Iran
2021-10-01,54,dollar,IRN,Iran
2021-11-01,70,dollar,IRN,Iran
2021-12-01,95,dollar,IRN,Iran
2022-01-01,82,dollar,IRN,Iran
2022-02-01,68,dollar,IRN,Iran
2022-03-01,84,dollar,IRN,Iran
2022-04-01,63,dollar,IRN,Iran
2022-05-01,79,dollar,IRN,Iran
2022-06-01,85,dollar,IRN,Iran
2022-07-01,99,dollar,IRN,Iran
2022-08-01,83,dollar,IRN,Iran
2022-09-01,89,dollar,IRN,Iran
2022-10-01,78,dollar,IRN,Iran
2022-11-01,77,dollar,IRN,Iran
2022-12-01,70,dollar,IRN,Iran
2023-01-01,66,dollar,IRN,Iran
2023-02-01,79,dollar,IRN,Iran
2023-03-01,76,dollar,IRN,Iran
2023-04-01,67,dollar,IRN,Iran
2023-05-01,68,dollar,IRN,Iran
2023-06-01,77,dollar,IRN,Iran
2023-07-01,67,dollar,IRN,Iran
2023-08-01,72,dollar,IRN,Iran
2023-09-01,69,dollar,IRN,Iran
2023-10-01,61,dollar,IRN,Iran
2023-11-01,59,dollar,IRN,Iran
2023-12-01,53,dollar,IRN,Iran
2024-01-01,55,dollar,IRN,Iran
2024-02-01,55,dollar,IRN,Iran
2024-03-01,62,dollar,IRN,Iran
2024-04-01,62,dollar,IRN,Iran
2024-05-01,53,dollar,IRN,Iran
2024-06-01,56,dollar,IRN,Iran
2024-07-01,53,dollar,IRN,Iran
2024-08-01,57,dollar,IRN,Iran
2024-09-01,55,dollar,IRN,Iran
2024-10-01,47,dollar,IRN,Iran
2024-11-01,54,dollar,IRN,Iran
2024-12-01,51,dollar,IRN,Iran
2019-01-01,32,bitcoin,EGY,Egypt
2019-02-01,28,bitcoin,EGY,Egypt
2019-03-01,30,bitcoin,EGY,Egypt
2019-04-01,30,bitcoin,EGY,Egypt
2019-05-01,32,bitcoin,EGY,Egypt
2019-06-01,43,bitcoin,EGY,Egypt
2019-07-01,41,bitcoin,EGY,Egypt
2019-08-01,48,bitcoin,EGY,Egypt
2019-09-01,48,bitcoin,EGY,Egypt
2019-10-01,41,bitcoin,EGY,Egypt
2019-11-01,40,bitcoin,EGY,Egypt
2019-12-01,40,bitcoin,EGY,Egypt
2020-01-01,40,bitcoin,EGY,Egypt
2020-02-01,40,bitcoin,EGY,Egypt
2020-03-01,48,bitcoin,EGY,Egypt
2020-04-01,37,bitcoin,EGY,Egypt
2020-05-01,60,bitcoin,EGY,Egypt
2020-06-01,49,bitcoin,EGY,Egypt
2020-07-01,52,bitcoin,EGY,Egypt
2020-08-01,54,bitcoin,EGY,Egypt
2020-09-01,51,bitcoin,EGY,Egypt
2020-10-01,40,bitcoin,EGY,Egypt
2020-11-01,49,bitcoin,EGY,Egypt
2020-12-01,60,bitcoin,EGY,Egypt
2021-01-01,96,bitcoin,EGY,Egypt
2021-02-01,100,bitcoin,EGY,Egypt
2021-03-01,80,bitcoin,EGY,Egypt
2021-04-01,64,bitcoin,EGY,Egypt
2021-05-01,85,bitcoin,EGY,Egypt
2021-06-01,56,bitcoin,EGY,Egypt
2021-07-01,44,bitcoin,EGY,Egypt
2021-08-01,44,bitcoin,EGY,Egypt
2021-09-01,48,bitcoin,EGY,Egypt
2021-10-01,51,bitcoin,EGY,Egypt
2021-11-01,45,bitcoin,EGY,Egypt
2021-12-01,41,bitcoin,EGY,Egypt
2022-01-01,67,bitcoin,EGY,Egypt
2022-02-01,54,bitcoin,EGY,Egypt
2022-03-01,66,bitcoin,EGY,Egypt
2022-04-01,46,bitcoin,EGY,Egypt
2022-05-01,66,bitcoin,EGY,Egypt
2022-06-01,67,bitcoin,EGY,Egypt
2022-07-01,51,bitcoin,EGY,Egypt
2022-08-01,38,bitcoin,EGY,Egypt
2022-09-01,44,bitcoin,EGY,Egypt
2022-10-01,35,bitcoin,EGY,Egypt
2022-11-01,46,bitcoin,EGY,Egypt
2022-12-01,35,bitcoin,EGY,Egypt
2023-01-01,37,bitcoin,EGY,Egypt
2023-02-01,33,bitcoin,EGY,Egypt
2023-03-01,36,bitcoin,EGY,Egypt
2023-04-01,34,bitcoin,EGY,Egypt
2023-05-01,28,bitcoin,EGY,Egypt
2023-06-01,27,bitcoin,EGY,Egypt
2023-07-01,25,bitcoin,EGY,Egypt
2023-08-01,24,bitcoin,EGY,Egypt
2023-09-01,21,bitcoin,EGY,Egypt
2023-10-01,26,bitcoin,EGY,Egypt
2023-11-01,28,bitcoin,EGY,Egypt
2023-12-01,35,bitcoin,EGY,Egypt
2024-01-01,39,bitcoin,EGY,Egypt
2024-02-01,38,bitcoin,EGY,Egypt
2024-03-01,54,bitcoin,EGY,Egypt
2024-04-01,45,bitcoin,EGY,Egypt
2024-05-01,33,bitcoin,EGY,Egypt
2024-06-01,29,bitcoin,EGY,Egypt
2024-07-01,31,bitcoin,EGY,Egypt
2024-08-01,34,bitcoin,EGY,Egypt
2024-09-01,29,bitcoin,EGY,Egypt
2024-10-01,28,bitcoin,EGY,Egypt
2024-11-01,69,bitcoin,EGY,Egypt
2024-12-01,55,bitcoin,EGY,Egypt
2019-01-01,0,USDT,EGY,Egypt
2019-02-01,0,USDT,EGY,Egypt
2019-03-01,0,USDT,EGY,Egypt
2019-04-01,0,USDT,EGY,Egypt
2019-05-01,0,USDT,EGY,Egypt
2019-06-01,0,USDT,EGY,Egypt
2019-07-01,0,USDT,EGY,Egypt
2019-08-01,0,USDT,EGY,Egypt
2019-09-01,0,USDT,EGY,Egypt
2019-10-01,0,USDT,EGY,Egypt
2019-11-01,0,USDT,EGY,Egypt
2019-12-01,0,USDT,EGY,Egypt
2020-01-01,0,USDT,EGY,Egypt
2020-02-01,0,USDT,EGY,Egypt
2020-03-01,0,USDT,EGY,Egypt
2020-04-01,0,USDT,EGY,Egypt
2020-05-01,2,USDT,EGY,Egypt
2020-06-01,2,USDT,EGY,Egypt
2020-07-01,2,USDT,EGY,Egypt
2020-08-01,3,USDT,EGY,Egypt
2020-09-01,3,USDT,EGY,Egypt
2020-10-01,2,USDT,EGY,Egypt
2020-11-01,2,USDT,EGY,Egypt
2020-12-01,3,USDT,EGY,Egypt
2021-01-01,9,USDT,EGY,Egypt
2021-02-01,8,USDT,EGY,Egypt
2021-03-01,10,USDT,EGY,Egypt
2021-04-01,12,USDT,EGY,Egypt
2021-05-01,14,USDT,EGY,Egypt
2021-06-01,9,USDT,EGY,Egypt
2021-07-01,8,USDT,EGY,Egypt
2021-08-01,9,USDT,EGY,Egypt
2021-09-01,9,USDT,EGY,Egypt
2021-10-01,10,USDT,EGY,Egypt
2021-11-01,13,USDT,EGY,Egypt
2021-12-01,12,USDT,EGY,Egypt
2022-01-01,16,USDT,EGY,Egypt
2022-02-01,18,USDT,EGY,Egypt
2022-03-01,31,USDT,EGY,Egypt
2022-04-01,34,USDT,EGY,Egypt
2022-05-01,42,USDT,EGY,Egypt
2022-06-01,33,USDT,EGY,Egypt
2022-07-01,26,USDT,EGY,Egypt
2022-08-01,27,USDT,EGY,Egypt
2022-09-01,35,USDT,EGY,Egypt
2022-10-01,32,USDT,EGY,Egypt
2022-11-01,40,USDT,EGY,Egypt
2022-12-01,52,USDT,EGY,Egypt
2023-01-01,45,USDT,EGY,Egypt
2023-02-01,37,USDT,EGY,Egypt
2023-03-01,37,USDT,EGY,Egypt
2023-04-01,39,USDT,EGY,Egypt
2023-05-01,47,USDT,EGY,Egypt
2023-06-01,42,USDT,EGY,Egypt
2023-07-01,39,USDT,EGY,Egypt
2023-08-01,36,USDT,EGY,Egypt
2023-09-01,35,USDT,EGY,Egypt
2023-10-01,48,USDT,EGY,Egypt
2023-11-01,63,USDT,EGY,Egypt
2023-12-01,67,USDT,EGY,Egypt
2024-01-01,82,USDT,EGY,Egypt
2024-02-01,100,USDT,EGY,Egypt
2024-03-01,73,USDT,EGY,Egypt
2024-04-01,57,USDT,EGY,Egypt
2024-05-01,54,USDT,EGY,Egypt
2024-06-01,56,USDT,EGY,Egypt
2024-07-01,67,USDT,EGY,Egypt
2024-08-01,70,USDT,EGY,Egypt
2024-09-01,72,USDT,EGY,Egypt
2024-10-01,60,USDT,EGY,Egypt
2024-11-01,62,USDT,EGY,Egypt
2024-12-01,71,USDT,EGY,Egypt
2019-01-01,9,crypto,EGY,Egypt
2019-02-01,13,crypto,EGY,Egypt
2019-03-01,11,crypto,EGY,Egypt
2019-04-01,13,crypto,EGY,Egypt
2019-05-01,12,crypto,EGY,Egypt
2019-06-01,16,crypto,EGY,Egypt
2019-07-01,16,crypto,EGY,Egypt
2019-08-01,13,crypto,EGY,Egypt
2019-09-01,14,crypto,EGY,Egypt
2019-10-01,16,crypto,EGY,Egypt
2019-11-01,14,crypto,EGY,Egypt
2019-12-01,12,crypto,EGY,Egypt
2020-01-01,16,crypto,EGY,Egypt
2020-02-01,18,crypto,EGY,Egypt
2020-03-01,17,crypto,EGY,Egypt
2020-04-01,21,crypto,EGY,Egypt
2020-05-01,16,crypto,EGY,Egypt
2020-06-01,14,crypto,EGY,Egypt
2020-07-01,20,crypto,EGY,Egypt
2020-08-01,19,crypto,EGY,Egypt
2020-09-01,15,crypto,EGY,Egypt
2020-10-01,12,crypto,EGY,Egypt
2020-11-01,12,crypto,EGY,Egypt
2020-12-01,17,crypto,EGY,Egypt
2021-01-01,29,crypto,EGY,Egypt
2021-02-01,40,crypto,EGY,Egypt
2021-03-01,41,crypto,EGY,Egypt
2021-04-01,52,crypto,EGY,Egypt
2021-05-01,65,crypto,EGY,Egypt
2021-06-01,44,crypto,EGY,Egypt
2021-07-01,39,crypto,EGY,Egypt
2021-08-01,55,crypto,EGY,Egypt
2021-09-01,54,crypto,EGY,Egypt
2021-10-01,60,crypto,EGY,Egypt
2021-11-01,81,crypto,EGY,Egypt
2021-12-01,72,crypto,EGY,Egypt
2022-01-01,95,crypto,EGY,Egypt
2022-02-01,92,crypto,EGY,Egypt
2022-03-01,76,crypto,EGY,Egypt
2022-04-01,77,crypto,EGY,Egypt
2022-05-01,93,crypto,EGY,Egypt
2022-06-01,57,crypto,EGY,Egypt
2022-07-01,55,crypto,EGY,Egypt
2022-08-01,56,crypto,EGY,Egypt
2022-09-01,82,crypto,EGY,Egypt
2022-10-01,66,crypto,EGY,Egypt
2022-11-01,73,crypto,EGY,Egypt
2022-12-01,66,crypto,EGY,Egypt
2023-01-01,69,crypto,EGY,Egypt
2023-02-01,54,crypto,EGY,Egypt
2023-03-01,55,crypto,EGY,Egypt
2023-04-01,54,crypto,EGY,Egypt
2023-05-01,57,crypto,EGY,Egypt
2023-06-01,46,crypto,EGY,Egypt
2023-07-01,48,crypto,EGY,Egypt
2023-08-01,43,crypto,EGY,Egypt
2023-09-01,43,crypto,EGY,Egypt
2023-10-01,48,crypto,EGY,Egypt
2023-11-01,51,crypto,EGY,Egypt
2023-12-01,57,crypto,EGY,Egypt
2024-01-01,58,crypto,EGY,Egypt
2024-02-01,72,crypto,EGY,Egypt
2024-03-01,95,crypto,EGY,Egypt
2024-04-01,83,crypto,EGY,Egypt
2024-05-01,64,crypto,EGY,Egypt
2024-06-01,71,crypto,EGY,Egypt
2024-07-01,72,crypto,EGY,Egypt
2024-08-01,72,crypto,EGY,Egypt
2024-09-01,65,crypto,EGY,Egypt
2024-10-01,65,crypto,EGY,Egypt
2024-11-01,99,crypto,EGY,Egypt
2024-12-01,100,crypto,EGY,Egypt
2019-01-01,10,dollar,EGY,Egypt
2019-02-01,12,dollar,EGY,Egypt
2019-03-01,13,dollar,EGY,Egypt
2019-04-01,11,dollar,EGY,Egypt
2019-05-01,14,dollar,EGY,Egypt
2019-06-01,15,dollar,EGY,Egypt
2019-07-01,14,dollar,EGY,Egypt
2019-08-01,15,dollar,EGY,Egypt
2019-09-01,15,dollar,EGY,Egypt
2019-10-01,15,dollar,EGY,Egypt
2019-11-01,14,dollar,EGY,Egypt
2019-12-01,14,dollar,EGY,Egypt
2020-01-01,14,dollar,EGY,Egypt
2020-02-01,14,dollar,EGY,Egypt
2020-03-01,14,dollar,EGY,Egypt
2020-04-01,11,dollar,EGY,Egypt
2020-05-01,11,dollar,EGY,Egypt
2020-06-01,13,dollar,EGY,Egypt
2020-07-01,13,dollar,EGY,Egypt
2020-08-01,12,dollar,EGY,Egypt
2020-09-01,14,dollar,EGY,Egypt
2020-10-01,11,dollar,EGY,Egypt
2020-11-01,12,dollar,EGY,Egypt
2020-12-01,11,dollar,EGY,Egypt
2021-01-01,12,dollar,EGY,Egypt
2021-02-01,11,dollar,EGY,Egypt
2021-03-01,12,dollar,EGY,Egypt
2021-04-01,12,dollar,EGY,Egypt
2021-05-01,12,dollar,EGY,Egypt
2021-06-01,12,dollar,EGY,Egypt
2021-07-01,12,dollar,EGY,Egypt
2021-08-01,12,dollar,EGY,Egypt
2021-09-01,13,dollar,EGY,Egypt
2021-10-01,12,dollar,EGY,Egypt
2021-11-01,12,dollar,EGY,Egypt
2021-12-01,13,dollar,EGY,Egypt
2022-01-01,13,dollar,EGY,Egypt
2022-02-01,13,dollar,EGY,Egypt
2022-03-01,46,dollar,EGY,Egypt
2022-04-01,27,dollar,EGY,Egypt
2022-05-01,33,dollar,EGY,Egypt
2022-06-01,26,dollar,EGY,Egypt
2022-07-01,29,dollar,EGY,Egypt
2022-08-01,30,dollar,EGY,Egypt
2022-09-01,34,dollar,EGY,Egypt
2022-10-01,54,dollar,EGY,Egypt
2022-11-01,43,dollar,EGY,Egypt
2022-12-01,43,dollar,EGY,Egypt
2023-01-01,100,dollar,EGY,Egypt
2023-02-01,38,dollar,EGY,Egypt
2023-03-01,42,dollar,EGY,Egypt
2023-04-01,36,dollar,EGY,Egypt
2023-05-01,30,dollar,EGY,Egypt
2023-06-01,23,dollar,EGY,Egypt
2023-07-01,22,dollar,EGY,Egypt
2023-08-01,26,dollar,EGY,Egypt
2023-09-01,21,dollar,EGY,Egypt
2023-10-01,23,dollar,EGY,Egypt
2023-11-01,21,dollar,EGY,Egypt
2023-12-01,20,dollar,EGY,Egypt
2024-01-01,25,dollar,EGY,Egypt
2024-02-01,43,dollar,EGY,Egypt
2024-03-01,52,dollar,EGY,Egypt
2024-04-01,26,dollar,EGY,Egypt
2024-05-01,25,dollar,EGY,Egypt
2024-06-01,24,dollar,EGY,Egypt
2024-07-01,23,dollar,EGY,Egypt
2024-08-01,26,dollar,EGY,Egypt
2024-09-01,23,dollar,EGY,Egypt
2024-10-01,21,dollar,EGY,Egypt
2024-11-01,26,dollar,EGY,Egypt
2024-12-01,30,dollar,EGY,Egypt
2019-01-01,27,bitcoin,VEN,Venezuela
2019-02-01,21,bitcoin,VEN,Venezuela
2019-03-01,20,bitcoin,VEN,Venezuela
2019-04-01,26,bitcoin,VEN,Venezuela
2019-05-01,32,bitcoin,VEN,Venezuela
2019-06-01,34,bitcoin,VEN,Venezuela
2019-07-01,35,bitcoin,VEN,Venezuela
2019-08-01,31,bitcoin,VEN,Venezuela
2019-09-01,31,bitcoin,VEN,Venezuela
2019-10-01,28,bitcoin,VEN,Venezuela
2019-11-01,26,bitcoin,VEN,Venezuela
2019-12-01,28,bitcoin,VEN,Venezuela
2020-01-01,40,bitcoin,VEN,Venezuela
2020-02-01,33,bitcoin,VEN,Venezuela
2020-03-01,36,bitcoin,VEN,Venezuela
2020-04-01,35,bitcoin,VEN,Venezuela
2020-05-01,41,bitcoin,VEN,Venezuela
2020-06-01,31,bitcoin,VEN,Venezuela
2020-07-01,32,bitcoin,VEN,Venezuela
2020-08-01,39,bitcoin,VEN,Venezuela
2020-09-01,42,bitcoin,VEN,Venezuela
2020-10-01,32,bitcoin,VEN,Venezuela
2020-11-01,44,bitcoin,VEN,Venezuela
2020-12-01,53,bitcoin,VEN,Venezuela
2021-01-01,100,bitcoin,VEN,Venezuela
2021-02-01,87,bitcoin,VEN,Venezuela
2021-03-01,72,bitcoin,VEN,Venezuela
2021-04-01,67,bitcoin,VEN,Venezuela
2021-05-01,89,bitcoin,VEN,Venezuela
2021-06-01,60,bitcoin,VEN,Venezuela
2021-07-01,51,bitcoin,VEN,Venezuela
2021-08-01,55,bitcoin,VEN,Venezuela
2021-09-01,56,bitcoin,VEN,Venezuela
2021-10-01,56,bitcoin,VEN,Venezuela
2021-11-01,45,bitcoin,VEN,Venezuela
2021-12-01,53,bitcoin,VEN,Venezuela
2022-01-01,65,bitcoin,VEN,Venezuela
2022-02-01,55,bitcoin,VEN,Venezuela
2022-03-01,49,bitcoin,VEN,Venezuela
2022-04-01,35,bitcoin,VEN,Venezuela
2022-05-01,45,bitcoin,VEN,Venezuela
2022-06-01,44,bitcoin,VEN,Venezuela
2022-07-01,36,bitcoin,VEN,Venezuela
2022-08-01,32,bitcoin,VEN,Venezuela
2022-09-01,30,bitcoin,VEN,Venezuela
2022-10-01,22,bitcoin,VEN,Venezuela
2022-11-01,26,bitcoin,VEN,Venezuela
2022-12-01,21,bitcoin,VEN,Venezuela
2023-01-01,26,bitcoin,VEN,Venezuela
2023-02-01,24,bitcoin,VEN,Venezuela
2023-03-01,24,bitcoin,VEN,Venezuela
2023-04-01,26,bitcoin,VEN,Venezuela
2023-05-01,20,bitcoin,VEN,Venezuela
2023-06-01,19,bitcoin,VEN,Venezuela
2023-07-01,17,bitcoin,VEN,Venezuela
2023-08-01,18,bitcoin,VEN,Venezuela
2023-09-01,18,bitcoin,VEN,Venezuela
2023-10-01,19,bitcoin,VEN,Venezuela
2023-11-01,20,bitcoin,VEN,Venezuela
2023-12-01,23,bitcoin,VEN,Venezuela
2024-01-01,28,bitcoin,VEN,Venezuela
2024-02-01,23,bitcoin,VEN,Venezuela
2024-03-01,33,bitcoin,VEN,Venezuela
2024-04-01,29,bitcoin,VEN,Venezuela
2024-05-01,19,bitcoin,VEN,Venezuela
2024-06-01,15,bitcoin,VEN,Venezuela
2024-07-01,15,bitcoin,VEN,Venezuela
2024-08-01,18,bitcoin,VEN,Venezuela
2024-09-01,14,bitcoin,VEN,Venezuela
2024-10-01,13,bitcoin,VEN,Venezuela
2024-11-01,24,bitcoin,VEN,Venezuela
2024-12-01,23,bitcoin,VEN,Venezuela
2019-01-01,0,USDT,VEN,Venezuela
2019-02-01,0,USDT,VEN,Venezuela
2019-03-01,0,USDT,VEN,Venezuela
2019-04-01,0,USDT,VEN,Venezuela
2019-05-01,1,USDT,VEN,Venezuela
2019-06-01,0,USDT,VEN,Venezuela
2019-07-01,0,USDT,VEN,Venezuela
2019-08-01,1,USDT,VEN,Venezuela
2019-09-01,0,USDT,VEN,Venezuela
2019-10-01,0,USDT,VEN,Venezuela
2019-11-01,0,USDT,VEN,Venezuela
2019-12-01,1,USDT,VEN,Venezuela
2020-01-01,0,USDT,VEN,Venezuela
2020-02-01,0,USDT,VEN,Venezuela
2020-03-01,0,USDT,VEN,Venezuela
2020-04-01,1,USDT,VEN,Venezuela
2020-05-01,2,USDT,VEN,Venezuela
2020-06-01,1,USDT,VEN,Venezuela
2020-07-01,1,USDT,VEN,Venezuela
2020-08-01,3,USDT,VEN,Venezuela
2020-09-01,3,USDT,VEN,Venezuela
2020-10-01,3,USDT,VEN,Venezuela
2020-11-01,5,USDT,VEN,Venezuela
2020-12-01,5,USDT,VEN,Venezuela
2021-01-01,10,USDT,VEN,Venezuela
2021-02-01,11,USDT,VEN,Venezuela
2021-03-01,12,USDT,VEN,Venezuela
2021-04-01,18,USDT,VEN,Venezuela
2021-05-01,24,USDT,VEN,Venezuela
2021-06-01,17,USDT,VEN,Venezuela
2021-07-01,27,USDT,VEN,Venezuela
2021-08-01,59,USDT,VEN,Venezuela
2021-09-01,98,USDT,VEN,Venezuela
2021-10-01,100,USDT,VEN,Venezuela
2021-11-01,74,USDT,VEN,Venezuela
2021-12-01,54,USDT,VEN,Venezuela
2022-01-01,73,USDT,VEN,Venezuela
2022-02-01,55,USDT,VEN,Venezuela
2022-03-01,46,USDT,VEN,Venezuela
2022-04-01,89,USDT,VEN,Venezuela
2022-05-01,83,USDT,VEN,Venezuela
2022-06-01,45,USDT,VEN,Venezuela
2022-07-01,39,USDT,VEN,Venezuela
2022-08-01,38,USDT,VEN,Venezuela
2022-09-01,35,USDT,VEN,Venezuela
2022-10-01,29,USDT,VEN,Venezuela
2022-11-01,31,USDT,VEN,Venezuela
2022-12-01,44,USDT,VEN,Venezuela
2023-01-01,41,USDT,VEN,Venezuela
2023-02-01,34,USDT,VEN,Venezuela
2023-03-01,34,USDT,VEN,Venezuela
2023-04-01,31,USDT,VEN,Venezuela
2023-05-01,27,USDT,VEN,Venezuela
2023-06-01,26,USDT,VEN,Venezuela
2023-07-01,27,USDT,VEN,Venezuela
2023-08-01,33,USDT,VEN,Venezuela
2023-09-01,28,USDT,VEN,Venezuela
2023-10-01,25,USDT,VEN,Venezuela
2023-11-01,25,USDT,VEN,Venezuela
2023-12-01,32,USDT,VEN,Venezuela
2024-01-01,33,USDT,VEN,Venezuela
2024-02-01,32,USDT,VEN,Venezuela
2024-03-01,38,USDT,VEN,Venezuela
2024-04-01,40,USDT,VEN,Venezuela
2024-05-01,46,USDT,VEN,Venezuela
2024-06-01,59,USDT,VEN,Venezuela
2024-07-01,36,USDT,VEN,Venezuela
2024-08-01,35,USDT,VEN,Venezuela
2024-09-01,41,USDT,VEN,Venezuela
2024-10-01,33,USDT,VEN,Venezuela
2024-11-01,46,USDT,VEN,Venezuela
2024-12-01,57,USDT,VEN,Venezuela
2019-01-01,3,crypto,VEN,Venezuela
2019-02-01,3,crypto,VEN,Venezuela
2019-03-01,4,crypto,VEN,Venezuela
2019-04-01,5,crypto,VEN,Venezuela
2019-05-01,4,crypto,VEN,Venezuela
2019-06-01,5,crypto,VEN,Venezuela
2019-07-01,5,crypto,VEN,Venezuela
2019-08-01,5,crypto,VEN,Venezuela
2019-09-01,7,crypto,VEN,Venezuela
2019-10-01,5,crypto,VEN,Venezuela
2019-11-01,5,crypto,VEN,Venezuela
2019-12-01,7,crypto,VEN,Venezuela
2020-01-01,8,crypto,VEN,Venezuela
2020-02-01,8,crypto,VEN,Venezuela
2020-03-01,8,crypto,VEN,Venezuela
2020-04-01,9,crypto,VEN,Venezuela
2020-05-01,8,crypto,VEN,Venezuela
2020-06-01,8,crypto,VEN,Venezuela
2020-07-01,8,crypto,VEN,Venezuela
2020-08-01,9,crypto,VEN,Venezuela
2020-09-01,8,crypto,VEN,Venezuela
2020-10-01,7,crypto,VEN,Venezuela
2020-11-01,7,crypto,VEN,Venezuela
2020-12-01,8,crypto,VEN,Venezuela
2021-01-01,13,crypto,VEN,Venezuela
2021-02-01,16,crypto,VEN,Venezuela
2021-03-01,16,crypto,VEN,Venezuela
2021-04-01,26,crypto,VEN,Venezuela
2021-05-01,32,crypto,VEN,Venezuela
2021-06-01,19,crypto,VEN,Venezuela
2021-07-01,35,crypto,VEN,Venezuela
2021-08-01,61,crypto,VEN,Venezuela
2021-09-01,100,crypto,VEN,Venezuela
2021-10-01,90,crypto,VEN,Venezuela
2021-11-01,86,crypto,VEN,Venezuela
2021-12-01,75,crypto,VEN,Venezuela
2022-01-01,71,crypto,VEN,Venezuela
2022-02-01,41,crypto,VEN,Venezuela
2022-03-01,34,crypto,VEN,Venezuela
2022-04-01,30,crypto,VEN,Venezuela
2022-05-01,39,crypto,VEN,Venezuela
2022-06-01,22,crypto,VEN,Venezuela
2022-07-01,19,crypto,VEN,Venezuela
2022-08-01,20,crypto,VEN,Venezuela
2022-09-01,21,crypto,VEN,Venezuela
2022-10-01,16,crypto,VEN,Venezuela
2022-11-01,15,crypto,VEN,Venezuela
2022-12-01,13,crypto,VEN,Venezuela
2023-01-01,16,crypto,VEN,Venezuela
2023-02-01,14,crypto,VEN,Venezuela
2023-03-01,13,crypto,VEN,Venezuela
2023-04-01,14,crypto,VEN,Venezuela
2023-05-01,14,crypto,VEN,Venezuela
2023-06-01,15,crypto,VEN,Venezuela
2023-07-01,14,crypto,VEN,Venezuela
2023-08-01,14,crypto,VEN,Venezuela
2023-09-01,12,crypto,VEN,Venezuela
2023-10-01,11,crypto,VEN,Venezuela
2023-11-01,12,crypto,VEN,Venezuela
2023-12-01,16,crypto,VEN,Venezuela
2024-01-01,18,crypto,VEN,Venezuela
2024-02-01,19,crypto,VEN,Venezuela
2024-03-01,24,crypto,VEN,Venezuela
2024-04-01,22,crypto,VEN,Venezuela
2024-05-01,17,crypto,VEN,Venezuela
2024-06-01,20,crypto,VEN,Venezuela
2024-07-01,14,crypto,VEN,Venezuela
2024-08-01,14,crypto,VEN,Venezuela
2024-09-01,14,crypto,VEN,Venezuela
2024-10-01,11,crypto,VEN,Venezuela
2024-11-01,18,crypto,VEN,Venezuela
2024-12-01,24,crypto,VEN,Venezuela
2019-01-01,64,dollar,VEN,Venezuela
2019-02-01,52,dollar,VEN,Venezuela
2019-03-01,42,dollar,VEN,Venezuela
2019-04-01,52,dollar,VEN,Venezuela
2019-05-01,69,dollar,VEN,Venezuela
2019-06-01,60,dollar,VEN,Venezuela
2019-07-01,73,dollar,VEN,Venezuela
2019-08-01,81,dollar,VEN,Venezuela
2019-09-01,96,dollar,VEN,Venezuela
2019-10-01,88,dollar,VEN,Venezuela
2019-11-01,100,dollar,VEN,Venezuela
2019-12-01,85,dollar,VEN,Venezuela
2020-01-01,99,dollar,VEN,Venezuela
2020-02-01,58,dollar,VEN,Venezuela
2020-03-01,51,dollar,VEN,Venezuela
2020-04-01,64,dollar,VEN,Venezuela
2020-05-01,58,dollar,VEN,Venezuela
2020-06-01,47,dollar,VEN,Venezuela
2020-07-01,53,dollar,VEN,Venezuela
2020-08-01,59,dollar,VEN,Venezuela
2020-09-01,59,dollar,VEN,Venezuela
2020-10-01,47,dollar,VEN,Venezuela
2020-11-01,50,dollar,VEN,Venezuela
2020-12-01,43,dollar,VEN,Venezuela
2021-01-01,43,dollar,VEN,Venezuela
2021-02-01,37,dollar,VEN,Venezuela
2021-03-01,33,dollar,VEN,Venezuela
2021-04-01,37,dollar,VEN,Venezuela
2021-05-01,33,dollar,VEN,Venezuela
2021-06-01,32,dollar,VEN,Venezuela
2021-07-01,31,dollar,VEN,Venezuela
2021-08-01,32,dollar,VEN,Venezuela
2021-09-01,30,dollar,VEN,Venezuela
2021-10-01,33,dollar,VEN,Venezuela
2021-11-01,25,dollar,VEN,Venezuela
2021-12-01,25,dollar,VEN,Venezuela
2022-01-01,24,dollar,VEN,Venezuela
2022-02-01,19,dollar,VEN,Venezuela
2022-03-01,22,dollar,VEN,Venezuela
2022-04-01,21,dollar,VEN,Venezuela
2022-05-01,21,dollar,VEN,Venezuela
2022-06-01,23,dollar,VEN,Venezuela
2022-07-01,25,dollar,VEN,Venezuela
2022-08-01,30,dollar,VEN,Venezuela
2022-09-01,22,dollar,VEN,Venezuela
2022-10-01,20,dollar,VEN,Venezuela
2022-11-01,22,dollar,VEN,Venezuela
2022-12-01,29,dollar,VEN,Venezuela
2023-01-01,22,dollar,VEN,Venezuela
2023-02-01,19,dollar,VEN,Venezuela
2023-03-01,18,dollar,VEN,Venezuela
2023-04-01,19,dollar,VEN,Venezuela
2023-05-01,19,dollar,VEN,Venezuela
2023-06-01,21,dollar,VEN,Venezuela
2023-07-01,21,dollar,VEN,Venezuela
2023-08-01,21,dollar,VEN,Venezuela
2023-09-01,19,dollar,VEN,Venezuela
2023-10-01,16,dollar,VEN,Venezuela
2023-11-01,16,dollar,VEN,Venezuela
2023-12-01,17,dollar,VEN,Venezuela
2024-01-01,15,dollar,VEN,Venezuela
2024-02-01,15,dollar,VEN,Venezuela
2024-03-01,16,dollar,VEN,Venezuela
2024-04-01,16,dollar,VEN,Venezuela
2024-05-01,15,dollar,VEN,Venezuela
2024-06-01,17,dollar,VEN,Venezuela
2024-07-01,17,dollar,VEN,Venezuela
2024-08-01,17,dollar,VEN,Venezuela
2024-09-01,17,dollar,VEN,Venezuela
2024-10-01,18,dollar,VEN,Venezuela
2024-11-01,19,dollar,VEN,Venezuela
2024-12-01,21,dollar,VEN,Venezuela
2019-01-01,21,bitcoin,NGA,Nigeria
2019-02-01,21,bitcoin,NGA,Nigeria
2019-03-01,18,bitcoin,NGA,Nigeria
2019-04-01,23,bitcoin,NGA,Nigeria
2019-05-01,34,bitcoin,NGA,Nigeria
2019-06-01,42,bitcoin,NGA,Nigeria
2019-07-01,42,bitcoin,NGA,Nigeria
2019-08-01,40,bitcoin,NGA,Nigeria
2019-09-01,39,bitcoin,NGA,Nigeria
2019-10-01,38,bitcoin,NGA,Nigeria
2019-11-01,37,bitcoin,NGA,Nigeria
2019-12-01,35,bitcoin,NGA,Nigeria
2020-01-01,38,bitcoin,NGA,Nigeria
2020-02-01,40,bitcoin,NGA,Nigeria
2020-03-01,54,bitcoin,NGA,Nigeria
2020-04-01,65,bitcoin,NGA,Nigeria
2020-05-01,83,bitcoin,NGA,Nigeria
2020-06-01,63,bitcoin,NGA,Nigeria
2020-07-01,67,bitcoin,NGA,Nigeria
2020-08-01,76,bitcoin,NGA,Nigeria
2020-09-01,61,bitcoin,NGA,Nigeria
2020-10-01,55,bitcoin,NGA,Nigeria
2020-11-01,64,bitcoin,NGA,Nigeria
2020-12-01,68,bitcoin,NGA,Nigeria
2021-01-01,100,bitcoin,NGA,Nigeria
2021-02-01,83,bitcoin,NGA,Nigeria
2021-03-01,65,bitcoin,NGA,Nigeria
2021-04-01,66,bitcoin,NGA,Nigeria
2021-05-01,77,bitcoin,NGA,Nigeria
2021-06-01,60,bitcoin,NGA,Nigeria
2021-07-01,54,bitcoin,NGA,Nigeria
2021-08-01,55,bitcoin,NGA,Nigeria
2021-09-01,55,bitcoin,NGA,Nigeria
2021-10-01,59,bitcoin,NGA,Nigeria
2021-11-01,57,bitcoin,NGA,Nigeria
2021-12-01,54,bitcoin,NGA,Nigeria
2022-01-01,80,bitcoin,NGA,Nigeria
2022-02-01,74,bitcoin,NGA,Nigeria
2022-03-01,77,bitcoin,NGA,Nigeria
2022-04-01,72,bitcoin,NGA,Nigeria
2022-05-01,76,bitcoin,NGA,Nigeria
2022-06-01,83,bitcoin,NGA,Nigeria
2022-07-01,72,bitcoin,NGA,Nigeria
2022-08-01,65,bitcoin,NGA,Nigeria
2022-09-01,61,bitcoin,NGA,Nigeria
2022-10-01,55,bitcoin,NGA,Nigeria
2022-11-01,55,bitcoin,NGA,Nigeria
2022-12-01,52,bitcoin,NGA,Nigeria
2023-01-01,55,bitcoin,NGA,Nigeria
2023-02-01,52,bitcoin,NGA,Nigeria
2023-03-01,56,bitcoin,NGA,Nigeria
2023-04-01,54,bitcoin,NGA,Nigeria
2023-05-01,51,bitcoin,NGA,Nigeria
2023-06-01,51,bitcoin,NGA,Nigeria
2023-07-01,57,bitcoin,NGA,Nigeria
2023-08-01,53,bitcoin,NGA,Nigeria
2023-09-01,51,bitcoin,NGA,Nigeria
2023-10-01,52,bitcoin,NGA,Nigeria
2023-11-01,53,bitcoin,NGA,Nigeria
2023-12-01,52,bitcoin,NGA,Nigeria
2024-01-01,51,bitcoin,NGA,Nigeria
2024-02-01,52,bitcoin,NGA,Nigeria
2024-03-01,60,bitcoin,NGA,Nigeria
2024-04-01,54,bitcoin,NGA,Nigeria
2024-05-01,48,bitcoin,NGA,Nigeria
2024-06-01,46,bitcoin,NGA,Nigeria
2024-07-01,66,bitcoin,NGA,Nigeria
2024-08-01,50,bitcoin,NGA,Nigeria
2024-09-01,43,bitcoin,NGA,Nigeria
2024-10-01,43,bitcoin,NGA,Nigeria
2024-11-01,52,bitcoin,NGA,Nigeria
2024-12-01,46,bitcoin,NGA,Nigeria
2019-01-01,0,USDT,NGA,Nigeria
2019-02-01,0,USDT,NGA,Nigeria
2019-03-01,0,USDT,NGA,Nigeria
2019-04-01,0,USDT,NGA,Nigeria
2019-05-01,0,USDT,NGA,Nigeria
2019-06-01,1,USDT,NGA,Nigeria
2019-07-01,0,USDT,NGA,Nigeria
2019-08-01,0,USDT,NGA,Nigeria
2019-09-01,0,USDT,NGA,Nigeria
2019-10-01,0,USDT,NGA,Nigeria
2019-11-01,0,USDT,NGA,Nigeria
2019-12-01,0,USDT,NGA,Nigeria
2020-01-01,0,USDT,NGA,Nigeria
2020-02-01,0,USDT,NGA,Nigeria
2020-03-01,1,USDT,NGA,Nigeria
2020-04-01,1,USDT,NGA,Nigeria
2020-05-01,1,USDT,NGA,Nigeria
2020-06-01,1,USDT,NGA,Nigeria
2020-07-01,1,USDT,NGA,Nigeria
2020-08-01,3,USDT,NGA,Nigeria
2020-09-01,3,USDT,NGA,Nigeria
2020-10-01,2,USDT,NGA,Nigeria
2020-11-01,3,USDT,NGA,Nigeria
2020-12-01,4,USDT,NGA,Nigeria
2021-01-01,5,USDT,NGA,Nigeria
2021-02-01,7,USDT,NGA,Nigeria
2021-03-01,8,USDT,NGA,Nigeria
2021-04-01,15,USDT,NGA,Nigeria
2021-05-01,19,USDT,NGA,Nigeria
2021-06-01,10,USDT,NGA,Nigeria
2021-07-01,10,USDT,NGA,Nigeria
2021-08-01,11,USDT,NGA,Nigeria
2021-09-01,12,USDT,NGA,Nigeria
2021-10-01,18,USDT,NGA,Nigeria
2021-11-01,19,USDT,NGA,Nigeria
2021-12-01,15,USDT,NGA,Nigeria
2022-01-01,28,USDT,NGA,Nigeria
2022-02-01,29,USDT,NGA,Nigeria
2022-03-01,32,USDT,NGA,Nigeria
2022-04-01,71,USDT,NGA,Nigeria
2022-05-01,44,USDT,NGA,Nigeria
2022-06-01,37,USDT,NGA,Nigeria
2022-07-01,34,USDT,NGA,Nigeria
2022-08-01,32,USDT,NGA,Nigeria
2022-09-01,36,USDT,NGA,Nigeria
2022-10-01,37,USDT,NGA,Nigeria
2022-11-01,38,USDT,NGA,Nigeria
2022-12-01,33,USDT,NGA,Nigeria
2023-01-01,29,USDT,NGA,Nigeria
2023-02-01,27,USDT,NGA,Nigeria
2023-03-01,27,USDT,NGA,Nigeria
2023-04-01,28,USDT,NGA,Nigeria
2023-05-01,28,USDT,NGA,Nigeria
2023-06-01,28,USDT,NGA,Nigeria
2023-07-01,33,USDT,NGA,Nigeria
2023-08-01,35,USDT,NGA,Nigeria
2023-09-01,31,USDT,NGA,Nigeria
2023-10-01,33,USDT,NGA,Nigeria
2023-11-01,34,USDT,NGA,Nigeria
2023-12-01,36,USDT,NGA,Nigeria
2024-01-01,39,USDT,NGA,Nigeria
2024-02-01,56,USDT,NGA,Nigeria
2024-03-01,74,USDT,NGA,Nigeria
2024-04-01,54,USDT,NGA,Nigeria
2024-05-01,65,USDT,NGA,Nigeria
2024-06-01,81,USDT,NGA,Nigeria
2024-07-01,74,USDT,NGA,Nigeria
2024-08-01,75,USDT,NGA,Nigeria
2024-09-01,100,USDT,NGA,Nigeria
2024-10-01,56,USDT,NGA,Nigeria
2024-11-01,56,USDT,NGA,Nigeria
2024-12-01,56,USDT,NGA,Nigeria
2019-01-01,4,crypto,NGA,Nigeria
2019-02-01,4,crypto,NGA,Nigeria
2019-03-01,3,crypto,NGA,Nigeria
2019-04-01,5,crypto,NGA,Nigeria
2019-05-01,5,crypto,NGA,Nigeria
2019-06-01,7,crypto,NGA,Nigeria
2019-07-01,6,crypto,NGA,Nigeria
2019-08-01,5,crypto,NGA,Nigeria
2019-09-01,5,crypto,NGA,Nigeria
2019-10-01,5,crypto,NGA,Nigeria
2019-11-01,5,crypto,NGA,Nigeria
2019-12-01,5,crypto,NGA,Nigeria
2020-01-01,5,crypto,NGA,Nigeria
2020-02-01,7,crypto,NGA,Nigeria
2020-03-01,7,crypto,NGA,Nigeria
2020-04-01,10,crypto,NGA,Nigeria
2020-05-01,14,crypto,NGA,Nigeria
2020-06-01,13,crypto,NGA,Nigeria
2020-07-01,17,crypto,NGA,Nigeria
2020-08-01,25,crypto,NGA,Nigeria
2020-09-01,20,crypto,NGA,Nigeria
2020-10-01,15,crypto,NGA,Nigeria
2020-11-01,18,crypto,NGA,Nigeria
2020-12-01,19,crypto,NGA,Nigeria
2021-01-01,28,crypto,NGA,Nigeria
2021-02-01,45,crypto,NGA,Nigeria
2021-03-01,32,crypto,NGA,Nigeria
2021-04-01,61,crypto,NGA,Nigeria
2021-05-01,66,crypto,NGA,Nigeria
2021-06-01,38,crypto,NGA,Nigeria
2021-07-01,34,crypto,NGA,Nigeria
2021-08-01,37,crypto,NGA,Nigeria
2021-09-01,41,crypto,NGA,Nigeria
2021-10-01,52,crypto,NGA,Nigeria
2021-11-01,68,crypto,NGA,Nigeria
2021-12-01,54,crypto,NGA,Nigeria
2022-01-01,95,crypto,NGA,Nigeria
2022-02-01,73,crypto,NGA,Nigeria
2022-03-01,77,crypto,NGA,Nigeria
2022-04-01,78,crypto,NGA,Nigeria
2022-05-01,76,crypto,NGA,Nigeria
2022-06-01,67,crypto,NGA,Nigeria
2022-07-01,64,crypto,NGA,Nigeria
2022-08-01,61,crypto,NGA,Nigeria
2022-09-01,62,crypto,NGA,Nigeria
2022-10-01,61,crypto,NGA,Nigeria
2022-11-01,59,crypto,NGA,Nigeria
2022-12-01,54,crypto,NGA,Nigeria
2023-01-01,53,crypto,NGA,Nigeria
2023-02-01,52,crypto,NGA,Nigeria
2023-03-01,53,crypto,NGA,Nigeria
2023-04-01,53,crypto,NGA,Nigeria
2023-05-01,50,crypto,NGA,Nigeria
2023-06-01,52,crypto,NGA,Nigeria
2023-07-01,60,crypto,NGA,Nigeria
2023-08-01,55,crypto,NGA,Nigeria
2023-09-01,49,crypto,NGA,Nigeria
2023-10-01,49,crypto,NGA,Nigeria
2023-11-01,51,crypto,NGA,Nigeria
2023-12-01,59,crypto,NGA,Nigeria
2024-01-01,62,crypto,NGA,Nigeria
2024-02-01,66,crypto,NGA,Nigeria
2024-03-01,83,crypto,NGA,Nigeria
2024-04-01,72,crypto,NGA,Nigeria
2024-05-01,82,crypto,NGA,Nigeria
2024-06-01,94,crypto,NGA,Nigeria
2024-07-01,96,crypto,NGA,Nigeria
2024-08-01,80,crypto,NGA,Nigeria
2024-09-01,100,crypto,NGA,Nigeria
2024-10-01,84,crypto,NGA,Nigeria
2024-11-01,89,crypto,NGA,Nigeria
2024-12-01,81,crypto,NGA,Nigeria
2019-01-01,13,dollar,NGA,Nigeria
2019-02-01,27,dollar,NGA,Nigeria
2019-03-01,13,dollar,NGA,Nigeria
2019-04-01,12,dollar,NGA,Nigeria
2019-05-01,13,dollar,NGA,Nigeria
2019-06-01,13,dollar,NGA,Nigeria
2019-07-01,13,dollar,NGA,Nigeria
2019-08-01,13,dollar,NGA,Nigeria
2019-09-01,14,dollar,NGA,Nigeria
2019-10-01,13,dollar,NGA,Nigeria
2019-11-01,13,dollar,NGA,Nigeria
2019-12-01,13,dollar,NGA,Nigeria
2020-01-01,14,dollar,NGA,Nigeria
2020-02-01,14,dollar,NGA,Nigeria
2020-03-01,26,dollar,NGA,Nigeria
2020-04-01,26,dollar,NGA,Nigeria
2020-05-01,31,dollar,NGA,Nigeria
2020-06-01,25,dollar,NGA,Nigeria
2020-07-01,24,dollar,NGA,Nigeria
2020-08-01,28,dollar,NGA,Nigeria
2020-09-01,27,dollar,NGA,Nigeria
2020-10-01,22,dollar,NGA,Nigeria
2020-11-01,25,dollar,NGA,Nigeria
2020-12-01,28,dollar,NGA,Nigeria
2021-01-01,29,dollar,NGA,Nigeria
2021-02-01,26,dollar,NGA,Nigeria
2021-03-01,25,dollar,NGA,Nigeria
2021-04-01,25,dollar,NGA,Nigeria
2021-05-01,24,dollar,NGA,Nigeria
2021-06-01,24,dollar,NGA,Nigeria
2021-07-01,25,dollar,NGA,Nigeria
2021-08-01,25,dollar,NGA,Nigeria
2021-09-01,29,dollar,NGA,Nigeria
2021-10-01,27,dollar,NGA,Nigeria
2021-11-01,26,dollar,NGA,Nigeria
2021-12-01,23,dollar,NGA,Nigeria
2022-01-01,31,dollar,NGA,Nigeria
2022-02-01,27,dollar,NGA,Nigeria
2022-03-01,31,dollar,NGA,Nigeria
2022-04-01,31,dollar,NGA,Nigeria
2022-05-01,35,dollar,NGA,Nigeria
2022-06-01,38,dollar,NGA,Nigeria
2022-07-01,48,dollar,NGA,Nigeria
2022-08-01,48,dollar,NGA,Nigeria
2022-09-01,38,dollar,NGA,Nigeria
2022-10-01,36,dollar,NGA,Nigeria
2022-11-01,62,dollar,NGA,Nigeria
2022-12-01,41,dollar,NGA,Nigeria
2023-01-01,35,dollar,NGA,Nigeria
2023-02-01,35,dollar,NGA,Nigeria
2023-03-01,32,dollar,NGA,Nigeria
2023-04-01,32,dollar,NGA,Nigeria
2023-05-01,31,dollar,NGA,Nigeria
2023-06-01,45,dollar,NGA,Nigeria
2023-07-01,43,dollar,NGA,Nigeria
2023-08-01,51,dollar,NGA,Nigeria
2023-09-01,40,dollar,NGA,Nigeria
2023-10-01,52,dollar,NGA,Nigeria
2023-11-01,62,dollar,NGA,Nigeria
2023-12-01,39,dollar,NGA,Nigeria
2024-01-01,44,dollar,NGA,Nigeria
2024-02-01,83,dollar,NGA,Nigeria
2024-03-01,85,dollar,NGA,Nigeria
2024-04-01,100,dollar,NGA,Nigeria
2024-05-01,67,dollar,NGA,Nigeria
2024-06-01,54,dollar,NGA,Nigeria
2024-07-01,49,dollar,NGA,Nigeria
2024-08-01,44,dollar,NGA,Nigeria
2024-09-01,44,dollar,NGA,Nigeria
2024-10-01,34,dollar,NGA,Nigeria
2024-11-01,34,dollar,NGA,Nigeria
2024-12-01,43,dollar,NGA,Nigeria
2019-01-01,14,bitcoin,USA,United States
2019-02-01,13,bitcoin,USA,United States
2019-03-01,12,bitcoin,USA,United States
2019-04-01,18,bitcoin,USA,United States
2019-05-01,26,bitcoin,USA,United States
2019-06-01,31,bitcoin,USA,United States
2019-07-01,28,bitcoin,USA,United States
2019-08-01,19,bitcoin,USA,United States
2019-09-01,17,bitcoin,USA,United States
2019-10-01,16,bitcoin,USA,United States
2019-11-01,15,bitcoin,USA,United States
2019-12-01,14,bitcoin,USA,United States
2020-01-01,16,bitcoin,USA,United States
2020-02-01,18,bitcoin,USA,United States
2020-03-01,24,bitcoin,USA,United States
2020-04-01,20,bitcoin,USA,United States
2020-05-01,25,bitcoin,USA,United States
2020-06-01,18,bitcoin,USA,United States
2020-07-01,19,bitcoin,USA,United States
2020-08-01,22,bitcoin,USA,United States
2020-09-01,16,bitcoin,USA,United States
2020-10-01,18,bitcoin,USA,United States
2020-11-01,33,bitcoin,USA,United States
2020-12-01,48,bitcoin,USA,United States
2021-01-01,95,bitcoin,USA,United States
2021-02-01,100,bitcoin,USA,United States
2021-03-01,67,bitcoin,USA,United States
2021-04-01,72,bitcoin,USA,United States
2021-05-01,88,bitcoin,USA,United States
2021-06-01,61,bitcoin,USA,United States
2021-07-01,42,bitcoin,USA,United States
2021-08-01,40,bitcoin,USA,United States
2021-09-01,40,bitcoin,USA,United States
2021-10-01,50,bitcoin,USA,United States
2021-11-01,49,bitcoin,USA,United States
2021-12-01,47,bitcoin,USA,United States
2022-01-01,54,bitcoin,USA,United States
2022-02-01,45,bitcoin,USA,United States
2022-03-01,39,bitcoin,USA,United States
2022-04-01,30,bitcoin,USA,United States
2022-05-01,49,bitcoin,USA,United States
2022-06-01,59,bitcoin,USA,United States
2022-07-01,40,bitcoin,USA,United States
2022-08-01,28,bitcoin,USA,United States
2022-09-01,27,bitcoin,USA,United States
2022-10-01,22,bitcoin,USA,United States
2022-11-01,34,bitcoin,USA,United States
2022-12-01,25,bitcoin,USA,United States
2023-01-01,24,bitcoin,USA,United States
2023-02-01,22,bitcoin,USA,United States
2023-03-01,27,bitcoin,USA,United States
2023-04-01,27,bitcoin,USA,United States
2023-05-01,22,bitcoin,USA,United States
2023-06-01,22,bitcoin,USA,United States
2023-07-01,22,bitcoin,USA,United States
2023-08-01,20,bitcoin,USA,United States
2023-09-01,18,bitcoin,USA,United States
2023-10-01,22,bitcoin,USA,United States
2023-11-01,25,bitcoin,USA,United States
2023-12-01,31,bitcoin,USA,United States
2024-01-01,36,bitcoin,USA,United States
2024-02-01,34,bitcoin,USA,United States
2024-03-01,54,bitcoin,USA,United States
2024-04-01,40,bitcoin,USA,United States
2024-05-01,27,bitcoin,USA,United States
2024-06-01,24,bitcoin,USA,United States
2024-07-01,28,bitcoin,USA,United States
2024-08-01,29,bitcoin,USA,United States
2024-09-01,22,bitcoin,USA,United States
2024-10-01,22,bitcoin,USA,United States
2024-11-01,64,bitcoin,USA,United States
2024-12-01,57,bitcoin,USA,United States
2019-01-01,3,USDT,USA,United States
2019-02-01,3,USDT,USA,United States
2019-03-01,3,USDT,USA,United States
2019-04-01,6,USDT,USA,United States
2019-05-01,6,USDT,USA,United States
2019-06-01,5,USDT,USA,United States
2019-07-01,5,USDT,USA,United States
2019-08-01,3,USDT,USA,United States
2019-09-01,3,USDT,USA,United States
2019-10-01,3,USDT,USA,United States
2019-11-01,3,USDT,USA,United States
2019-12-01,3,USDT,USA,United States
2020-01-01,3,USDT,USA,United States
2020-02-01,4,USDT,USA,United States
2020-03-01,5,USDT,USA,United States
2020-04-01,5,USDT,USA,United States
2020-05-01,6,USDT,USA,United States
2020-06-01,5,USDT,USA,United States
2020-07-01,7,USDT,USA,United States
2020-08-01,9,USDT,USA,United States
2020-09-01,8,USDT,USA,United States
2020-10-01,7,USDT,USA,United States
2020-11-01,9,USDT,USA,United States
2020-12-01,13,USDT,USA,United States
2021-01-01,26,USDT,USA,United States
2021-02-01,39,USDT,USA,United States
2021-03-01,34,USDT,USA,United States
2021-04-01,67,USDT,USA,United States
2021-05-01,94,USDT,USA,United States
2021-06-01,35,USDT,USA,United States
2021-07-01,29,USDT,USA,United States
2021-08-01,34,USDT,USA,United States
2021-09-01,36,USDT,USA,United States
2021-10-01,57,USDT,USA,United States
2021-11-01,68,USDT,USA,United States
2021-12-01,51,USDT,USA,United States
2022-01-01,55,USDT,USA,United States
2022-02-01,50,USDT,USA,United States
2022-03-01,45,USDT,USA,United States
2022-04-01,43,USDT,USA,United States
2022-05-01,100,USDT,USA,United States
2022-06-01,45,USDT,USA,United States
2022-07-01,40,USDT,USA,United States
2022-08-01,34,USDT,USA,United States
2022-09-01,32,USDT,USA,United States
2022-10-01,30,USDT,USA,United States
2022-11-01,41,USDT,USA,United States
2022-12-01,33,USDT,USA,United States
2023-01-01,30,USDT,USA,United States
2023-02-01,37,USDT,USA,United States
2023-03-01,40,USDT,USA,United States
2023-04-01,34,USDT,USA,United States
2023-05-01,38,USDT,USA,United States
2023-06-01,38,USDT,USA,United States
2023-07-01,38,USDT,USA,United States
2023-08-01,35,USDT,USA,United States
2023-09-01,32,USDT,USA,United States
2023-10-01,36,USDT,USA,United States
2023-11-01,39,USDT,USA,United States
2023-12-01,44,USDT,USA,United States
2024-01-01,39,USDT,USA,United States
2024-02-01,44,USDT,USA,United States
2024-03-01,60,USDT,USA,United States
2024-04-01,48,USDT,USA,United States
2024-05-01,45,USDT,USA,United States
2024-06-01,51,USDT,USA,United States
2024-07-01,47,USDT,USA,United States
2024-08-01,45,USDT,USA,United States
2024-09-01,46,USDT,USA,United States
2024-10-01,49,USDT,USA,United States
2024-11-01,60,USDT,USA,United States
2024-12-01,76,USDT,USA,United States
2019-01-01,4,crypto,USA,United States
2019-02-01,4,crypto,USA,United States
2019-03-01,4,crypto,USA,United States
2019-04-01,5,crypto,USA,United States
2019-05-01,5,crypto,USA,United States
2019-06-01,6,crypto,USA,United States
2019-07-01,6,crypto,USA,United States
2019-08-01,4,crypto,USA,United States
2019-09-01,4,crypto,USA,United States
2019-10-01,4,crypto,USA,United States
2019-11-01,3,crypto,USA,United States
2019-12-01,3,crypto,USA,United States
2020-01-01,4,crypto,USA,United States
2020-02-01,5,crypto,USA,United States
2020-03-01,4,crypto,USA,United States
2020-04-01,5,crypto,USA,United States
2020-05-01,5,crypto,USA,United States
2020-06-01,5,crypto,USA,United States
2020-07-01,7,crypto,USA,United States
2020-08-01,8,crypto,USA,United States
2020-09-01,6,crypto,USA,United States
2020-10-01,5,crypto,USA,United States
2020-11-01,7,crypto,USA,United States
2020-12-01,9,crypto,USA,United States
2021-01-01,24,crypto,USA,United States
2021-02-01,40,crypto,USA,United States
2021-03-01,29,crypto,USA,United States
2021-04-01,63,crypto,USA,United States
2021-05-01,100,crypto,USA,United States
2021-06-01,40,crypto,USA,United States
2021-07-01,25,crypto,USA,United States
2021-08-01,33,crypto,USA,United States
2021-09-01,36,crypto,USA,United States
2021-10-01,52,crypto,USA,United States
2021-11-01,78,crypto,USA,United States
2021-12-01,56,crypto,USA,United States
2022-01-01,58,crypto,USA,United States
2022-02-01,46,crypto,USA,United States
2022-03-01,40,crypto,USA,United States
2022-04-01,35,crypto,USA,United States
2022-05-01,40,crypto,USA,United States
2022-06-01,29,crypto,USA,United States
2022-07-01,24,crypto,USA,United States
2022-08-01,22,crypto,USA,United States
2022-09-01,19,crypto,USA,United States
2022-10-01,17,crypto,USA,United States
2022-11-01,30,crypto,USA,United States
2022-12-01,21,crypto,USA,United States
2023-01-01,20,crypto,USA,United States
2023-02-01,19,crypto,USA,United States
2023-03-01,19,crypto,USA,United States
2023-04-01,18,crypto,USA,United States
2023-05-01,16,crypto,USA,United States
2023-06-01,16,crypto,USA,United States
2023-07-01,15,crypto,USA,United States
2023-08-01,15,crypto,USA,United States
2023-09-01,13,crypto,USA,United States
2023-10-01,15,crypto,USA,United States
2023-11-01,20,crypto,USA,United States
2023-12-01,22,crypto,USA,United States
2024-01-01,21,crypto,USA,United States
2024-02-01,22,crypto,USA,United States
2024-03-01,37,crypto,USA,United States
2024-04-01,24,crypto,USA,United States
2024-05-01,19,crypto,USA,United States
2024-06-01,18,crypto,USA,United States
2024-07-01,18,crypto,USA,United States
2024-08-01,17,crypto,USA,United States
2024-09-01,16,crypto,USA,United States
2024-10-01,16,crypto,USA,United States
2024-11-01,39,crypto,USA,United States
2024-12-01,52,crypto,USA,United States
2019-01-01,75,dollar,USA,United States
2019-02-01,76,dollar,USA,United States
2019-03-01,77,dollar,USA,United States
2019-04-01,78,dollar,USA,United States
2019-05-01,81,dollar,USA,United States
2019-06-01,87,dollar,USA,United States
2019-07-01,88,dollar,USA,United States
2019-08-01,87,dollar,USA,United States
2019-09-01,81,dollar,USA,United States
2019-10-01,77,dollar,USA,United States
2019-11-01,82,dollar,USA,United States
2019-12-01,100,dollar,USA,United States
2020-01-01,75,dollar,USA,United States
2020-02-01,78,dollar,USA,United States
2020-03-01,94,dollar,USA,United States
2020-04-01,84,dollar,USA,United States
2020-05-01,85,dollar,USA,United States
2020-06-01,83,dollar,USA,United States
2020-07-01,84,dollar,USA,United States
2020-08-01,78,dollar,USA,United States
2020-09-01,76,dollar,USA,United States
2020-10-01,76,dollar,USA,United States
2020-11-01,80,dollar,USA,United States
2020-12-01,92,dollar,USA,United States
2021-01-01,73,dollar,USA,United States
2021-02-01,80,dollar,USA,United States
2021-03-01,74,dollar,USA,United States
2021-04-01,75,dollar,USA,United States
2021-05-01,80,dollar,USA,United States
2021-06-01,82,dollar,USA,United States
2021-07-01,79,dollar,USA,United States
2021-08-01,81,dollar,USA,United States
2021-09-01,73,dollar,USA,United States
2021-10-01,79,dollar,USA,United States
2021-11-01,86,dollar,USA,United States
2021-12-01,93,dollar,USA,United States
2022-01-01,71,dollar,USA,United States
2022-02-01,75,dollar,USA,United States
2022-03-01,77,dollar,USA,United States
2022-04-01,79,dollar,USA,United States
2022-05-01,83,dollar,USA,United States
2022-06-01,84,dollar,USA,United States
2022-07-01,95,dollar,USA,United States
2022-08-01,86,dollar,USA,United States
2022-09-01,80,dollar,USA,United States
2022-10-01,87,dollar,USA,United States
2022-11-01,84,dollar,USA,United States
2022-12-01,89,dollar,USA,United States
2023-01-01,77,dollar,USA,United States
2023-02-01,80,dollar,USA,United States
2023-03-01,79,dollar,USA,United States
2023-04-01,85,dollar,USA,United States
2023-05-01,83,dollar,USA,United States
2023-06-01,85,dollar,USA,United States
2023-07-01,83,dollar,USA,United States
2023-08-01,84,dollar,USA,United States
2023-09-01,79,dollar,USA,United States
2023-10-01,76,dollar,USA,United States
2023-11-01,86,dollar,USA,United States
2023-12-01,92,dollar,USA,United States
2024-01-01,71,dollar,USA,United States
2024-02-01,71,dollar,USA,United States
2024-03-01,80,dollar,USA,United States
2024-04-01,74,dollar,USA,United States
2024-05-01,80,dollar,USA,United States
2024-06-01,84,dollar,USA,United States
2024-07-01,81,dollar,USA,United States
2024-08-01,73,dollar,USA,United States
2024-09-01,72,dollar,USA,United States
2024-10-01,73,dollar,USA,United States
2024-11-01,76,dollar,USA,United States
2024-12-01,82,dollar,USA,United States
2019-01-01,10,bitcoin,IND,India
2019-02-01,10,bitcoin,IND,India
2019-03-01,8,bitcoin,IND,India
2019-04-01,11,bitcoin,IND,India
2019-05-01,16,bitcoin,IND,India
2019-06-01,16,bitcoin,IND,India
2019-07-01,16,bitcoin,IND,India
2019-08-01,12,bitcoin,IND,India
2019-09-01,11,bitcoin,IND,India
2019-10-01,9,bitcoin,IND,India
2019-11-01,9,bitcoin,IND,India
2019-12-01,9,bitcoin,IND,India
2020-01-01,11,bitcoin,IND,India
2020-02-01,12,bitcoin,IND,India
2020-03-01,22,bitcoin,IND,India
2020-04-01,16,bitcoin,IND,India
2020-05-01,21,bitcoin,IND,India
2020-06-01,14,bitcoin,IND,India
2020-07-01,17,bitcoin,IND,India
2020-08-01,17,bitcoin,IND,India
2020-09-01,13,bitcoin,IND,India
2020-10-01,11,bitcoin,IND,India
2020-11-01,22,bitcoin,IND,India
2020-12-01,32,bitcoin,IND,India
2021-01-01,59,bitcoin,IND,India
2021-02-01,62,bitcoin,IND,India
2021-03-01,42,bitcoin,IND,India
2021-04-01,50,bitcoin,IND,India
2021-05-01,100,bitcoin,IND,India
2021-06-01,58,bitcoin,IND,India
2021-07-01,36,bitcoin,IND,India
2021-08-01,33,bitcoin,IND,India
2021-09-01,33,bitcoin,IND,India
2021-10-01,37,bitcoin,IND,India
2021-11-01,51,bitcoin,IND,India
2021-12-01,38,bitcoin,IND,India
2022-01-01,45,bitcoin,IND,India
2022-02-01,47,bitcoin,IND,India
2022-03-01,32,bitcoin,IND,India
2022-04-01,24,bitcoin,IND,India
2022-05-01,31,bitcoin,IND,India
2022-06-01,40,bitcoin,IND,India
2022-07-01,28,bitcoin,IND,India
2022-08-01,22,bitcoin,IND,India
2022-09-01,22,bitcoin,IND,India
2022-10-01,18,bitcoin,IND,India
2022-11-01,24,bitcoin,IND,India
2022-12-01,18,bitcoin,IND,India
2023-01-01,19,bitcoin,IND,India
2023-02-01,19,bitcoin,IND,India
2023-03-01,20,bitcoin,IND,India
2023-04-01,18,bitcoin,IND,India
2023-05-01,14,bitcoin,IND,India
2023-06-01,16,bitcoin,IND,India
2023-07-01,15,bitcoin,IND,India
2023-08-01,14,bitcoin,IND,India
2023-09-01,13,bitcoin,IND,India
2023-10-01,14,bitcoin,IND,India
2023-11-01,16,bitcoin,IND,India
2023-12-01,19,bitcoin,IND,India
2024-01-01,22,bitcoin,IND,India
2024-02-01,21,bitcoin,IND,India
2024-03-01,36,bitcoin,IND,India
2024-04-01,24,bitcoin,IND,India
2024-05-01,19,bitcoin,IND,India
2024-06-01,17,bitcoin,IND,India
2024-07-01,18,bitcoin,IND,India
2024-08-01,19,bitcoin,IND,India
2024-09-01,19,bitcoin,IND,India
2024-10-01,16,bitcoin,IND,India
2024-11-01,39,bitcoin,IND,India
2024-12-01,37,bitcoin,IND,India
2019-01-01,1,USDT,IND,India
2019-02-01,0,USDT,IND,India
2019-03-01,0,USDT,IND,India
2019-04-01,1,USDT,IND,India
2019-05-01,1,USDT,IND,India
2019-06-01,1,USDT,IND,India
2019-07-01,1,USDT,IND,India
2019-08-01,1,USDT,IND,India
2019-09-01,1,USDT,IND,India
2019-10-01,1,USDT,IND,India
2019-11-01,1,USDT,IND,India
2019-12-01,1,USDT,IND,India
2020-01-01,1,USDT,IND,India
2020-02-01,1,USDT,IND,India
2020-03-01,2,USDT,IND,India
2020-04-01,2,USDT,IND,India
2020-05-01,3,USDT,IND,India
2020-06-01,2,USDT,IND,India
2020-07-01,3,USDT,IND,India
2020-08-01,5,USDT,IND,India
2020-09-01,4,USDT,IND,India
2020-10-01,2,USDT,IND,India
2020-11-01,3,USDT,IND,India
2020-12-01,5,USDT,IND,India
2021-01-01,11,USDT,IND,India
2021-02-01,16,USDT,IND,India
2021-03-01,13,USDT,IND,India
2021-04-01,24,USDT,IND,India
2021-05-01,52,USDT,IND,India
2021-06-01,27,USDT,IND,India
2021-07-01,20,USDT,IND,India
2021-08-01,26,USDT,IND,India
2021-09-01,24,USDT,IND,India
2021-10-01,30,USDT,IND,India
2021-11-01,55,USDT,IND,India
2021-12-01,35,USDT,IND,India
2022-01-01,45,USDT,IND,India
2022-02-01,45,USDT,IND,India
2022-03-01,41,USDT,IND,India
2022-04-01,38,USDT,IND,India
2022-05-01,47,USDT,IND,India
2022-06-01,37,USDT,IND,India
2022-07-01,34,USDT,IND,India
2022-08-01,34,USDT,IND,India
2022-09-01,38,USDT,IND,India
2022-10-01,39,USDT,IND,India
2022-11-01,42,USDT,IND,India
2022-12-01,36,USDT,IND,India
2023-01-01,38,USDT,IND,India
2023-02-01,43,USDT,IND,India
2023-03-01,45,USDT,IND,India
2023-04-01,43,USDT,IND,India
2023-05-01,39,USDT,IND,India
2023-06-01,43,USDT,IND,India
2023-07-01,41,USDT,IND,India
2023-08-01,42,USDT,IND,India
2023-09-01,35,USDT,IND,India
2023-10-01,34,USDT,IND,India
2023-11-01,39,USDT,IND,India
2023-12-01,48,USDT,IND,India
2024-01-01,49,USDT,IND,India
2024-02-01,48,USDT,IND,India
2024-03-01,69,USDT,IND,India
2024-04-01,59,USDT,IND,India
2024-05-01,56,USDT,IND,India
2024-06-01,59,USDT,IND,India
2024-07-01,67,USDT,IND,India
2024-08-01,83,USDT,IND,India
2024-09-01,100,USDT,IND,India
2024-10-01,69,USDT,IND,India
2024-11-01,83,USDT,IND,India
2024-12-01,90,USDT,IND,India
2019-01-01,4,crypto,IND,India
2019-02-01,4,crypto,IND,India
2019-03-01,4,crypto,IND,India
2019-04-01,6,crypto,IND,India
2019-05-01,7,crypto,IND,India
2019-06-01,4,crypto,IND,India
2019-07-01,4,crypto,IND,India
2019-08-01,3,crypto,IND,India
2019-09-01,3,crypto,IND,India
2019-10-01,3,crypto,IND,India
2019-11-01,3,crypto,IND,India
2019-12-01,3,crypto,IND,India
2020-01-01,3,crypto,IND,India
2020-02-01,4,crypto,IND,India
2020-03-01,4,crypto,IND,India
2020-04-01,4,crypto,IND,India
2020-05-01,5,crypto,IND,India
2020-06-01,4,crypto,IND,India
2020-07-01,5,crypto,IND,India
2020-08-01,7,crypto,IND,India
2020-09-01,5,crypto,IND,India
2020-10-01,4,crypto,IND,India
2020-11-01,5,crypto,IND,India
2020-12-01,8,crypto,IND,India
2021-01-01,12,crypto,IND,India
2021-02-01,20,crypto,IND,India
2021-03-01,18,crypto,IND,India
2021-04-01,37,crypto,IND,India
2021-05-01,100,crypto,IND,India
2021-06-01,49,crypto,IND,India
2021-07-01,29,crypto,IND,India
2021-08-01,37,crypto,IND,India
2021-09-01,37,crypto,IND,India
2021-10-01,46,crypto,IND,India
2021-11-01,99,crypto,IND,India
2021-12-01,62,crypto,IND,India
2022-01-01,70,crypto,IND,India
2022-02-01,69,crypto,IND,India
2022-03-01,46,crypto,IND,India
2022-04-01,39,crypto,IND,India
2022-05-01,48,crypto,IND,India
2022-06-01,34,crypto,IND,India
2022-07-01,31,crypto,IND,India
2022-08-01,31,crypto,IND,India
2022-09-01,27,crypto,IND,India
2022-10-01,23,crypto,IND,India
2022-11-01,30,crypto,IND,India
2022-12-01,24,crypto,IND,India
2023-01-01,24,crypto,IND,India
2023-02-01,27,crypto,IND,India
2023-03-01,31,crypto,IND,India
2023-04-01,23,crypto,IND,India
2023-05-01,22,crypto,IND,India
2023-06-01,24,crypto,IND,India
2023-07-01,25,crypto,IND,India
2023-08-01,24,crypto,IND,India
2023-09-01,22,crypto,IND,India
2023-10-01,21,crypto,IND,India
2023-11-01,25,crypto,IND,India
2023-12-01,30,crypto,IND,India
2024-01-01,32,crypto,IND,India
2024-02-01,37,crypto,IND,India
2024-03-01,50,crypto,IND,India
2024-04-01,32,crypto,IND,India
2024-05-01,41,crypto,IND,India
2024-06-01,46,crypto,IND,India
2024-07-01,41,crypto,IND,India
2024-08-01,39,crypto,IND,India
2024-09-01,39,crypto,IND,India
2024-10-01,33,crypto,IND,India
2024-11-01,46,crypto,IND,India
2024-12-01,60,crypto,IND,India
2019-01-01,66,dollar,IND,India
2019-02-01,63,dollar,IND,India
2019-03-01,62,dollar,IND,India
2019-04-01,55,dollar,IND,India
2019-05-01,62,dollar,IND,India
2019-06-01,55,dollar,IND,India
2019-07-01,58,dollar,IND,India
2019-08-01,79,dollar,IND,India
2019-09-01,76,dollar,IND,India
2019-10-01,58,dollar,IND,India
2019-11-01,62,dollar,IND,India
2019-12-01,63,dollar,IND,India
2020-01-01,63,dollar,IND,India
2020-02-01,59,dollar,IND,India
2020-03-01,99,dollar,IND,India
2020-04-01,86,dollar,IND,India
2020-05-01,69,dollar,IND,India
2020-06-01,68,dollar,IND,India
2020-07-01,67,dollar,IND,India
2020-08-01,67,dollar,IND,India
2020-09-01,65,dollar,IND,India
2020-10-01,56,dollar,IND,India
2020-11-01,61,dollar,IND,India
2020-12-01,58,dollar,IND,India
2021-01-01,61,dollar,IND,India
2021-02-01,63,dollar,IND,India
2021-03-01,63,dollar,IND,India
2021-04-01,69,dollar,IND,India
2021-05-01,74,dollar,IND,India
2021-06-01,70,dollar,IND,India
2021-07-01,61,dollar,IND,India
2021-08-01,63,dollar,IND,India
2021-09-01,60,dollar,IND,India
2021-10-01,66,dollar,IND,India
2021-11-01,65,dollar,IND,India
2021-12-01,67,dollar,IND,India
2022-01-01,71,dollar,IND,India
2022-02-01,76,dollar,IND,India
2022-03-01,84,dollar,IND,India
2022-04-01,74,dollar,IND,India
2022-05-01,82,dollar,IND,India
2022-06-01,82,dollar,IND,India
2022-07-01,100,dollar,IND,India
2022-08-01,87,dollar,IND,India
2022-09-01,97,dollar,IND,India
2022-10-01,98,dollar,IND,India
2022-11-01,92,dollar,IND,India
2022-12-01,86,dollar,IND,India
2023-01-01,83,dollar,IND,India
2023-02-01,90,dollar,IND,India
2023-03-01,83,dollar,IND,India
2023-04-01,76,dollar,IND,India
2023-05-01,73,dollar,IND,India
2023-06-01,79,dollar,IND,India
2023-07-01,79,dollar,IND,India
2023-08-01,78,dollar,IND,India
2023-09-01,77,dollar,IND,India
2023-10-01,65,dollar,IND,India
2023-11-01,70,dollar,IND,India
2023-12-01,70,dollar,IND,India
2024-01-01,64,dollar,IND,India
2024-02-01,54,dollar,IND,India
2024-03-01,54,dollar,IND,India
2024-04-01,50,dollar,IND,India
2024-05-01,50,dollar,IND,India
2024-06-01,49,dollar,IND,India
2024-07-01,51,dollar,IND,India
2024-08-01,52,dollar,IND,India
2024-09-01,55,dollar,IND,India
2024-10-01,54,dollar,IND,India
2024-11-01,60,dollar,IND,India
2024-12-01,58,dollar,IND,India
